{"count":1,"self":46.0258592,"total":46.3886629,"children":{"InitializeActuators":{"count":1,"self":0.0021617999999999997,"total":0.0021617999999999997,"children":null},"InitializeSensors":{"count":1,"self":0.0030231999999999998,"total":0.0030231999999999998,"children":null},"AgentSendState":{"count":2024,"self":0.0655168,"total":0.3006523,"children":{"CollectObservations":{"count":405,"self":0.00099819999999999987,"total":0.00099819999999999987,"children":null},"WriteActionMask":{"count":405,"self":0.0030139999999999998,"total":0.0030139999999999998,"children":null},"RequestDecision":{"count":405,"self":0.2301056,"total":0.23112329999999998,"children":{"RayPerceptionSensor.Perceive":{"count":405,"self":0.0010176999999999999,"total":0.0010176999999999999,"children":null}}}}},"DecideAction":{"count":2024,"self":0.0129903,"total":0.0129903,"children":null},"AgentAct":{"count":2024,"self":0.0429818,"total":0.0429818,"children":null}},"gauges":{},"metadata":{"timer_format_version":"0.1.0","start_time_seconds":"1742847263","unity_version":"6000.0.42f1","command_line_arguments":"C:\\Program Files\\Unity\\Hub\\Editor\\6000.0.42f1\\Editor\\Unity.exe -projectpath C:\\Users\\pokmo\\OneDrive\\Desktop\\DevStuff\\Unity\\UNI\\MLTerm -useHub -hubIPC -cloudEnvironment production","communication_protocol_version":"1.5.0","com.unity.ml-agents_version":"3.0.0","scene_name":"Basic_TMaze","end_time_seconds":"1742847309"}}